threads, execTime
1, 4.750530700
2, 2.884824400
4, 2.537835500
8, 5.642859900
16, 3.958779500
32, 1.676401500
64, 7.433869900
128, 7.309986700
256, 6.377746500
512, 8.276697600
1024, 7.355394700
