threads, execTime
1, 4.678711200
2, 2.871897600
4, 2.570425000
8, 3.932536700
16, 2.015964400
32, 2.568970800
64, 6.325350000
128, 7.278032200
256, 6.385526800
512, 7.320804500
1024, 6.428446600
