threads, execTime
1, 9.523914900
2, 9.604857800
4, 8.959529700
8, 8.786397900
16, 8.505925600
32, 7.444472300
64, 7.188074900
128, 6.232553100
256, 6.248002800
512, 7.209738400
1024, 7.241910000
