threads, execTime
1, 8.690586500
2, 8.743259200
4, 7.924811300
8, 7.748589900
16, 6.283201200
32, 6.314753900
64, 6.254005100
128, 6.276039800
256, 6.283590300
512, 6.280954700
1024, 7.212977100
