threads, execTime
1, 3.456508200
2, 1.852175200
4, 2.327641900
8, 2.889546600
16, 3.513015800
32, 6.185760700
64, 4.161854200
128, 4.644008000
256, 3.392787800
512, 2.718897700
1024, 3.727110200
